case_id,criterion,pull,argument
C-1,requirements,predictive,"Формат пакета описаний наказом регулятора, редакції виходять раз на рік і оголошуються за три місяці, за півроку нових вимог до формату не з'являлось"
C-1,technology,adaptive,"API реєстру нове і доступне лише в тестовому контурі, документація неповна, поведінка двох методів за квартал змінювалась двічі без оголошення, пісочниця працює не завжди"
C-1,release_cost,predictive,"Помилка в пакеті означає неприйняту звітність і припис регулятора, виправлення вручну, а дата подання фіксована наказом і не пересувається"
C-1,customer,predictive,"Контактна особа відповідає за три-п'ять робочих днів, на щотижневі демо не приходить і просила надсилати підсумок раз на етап"
C-1,contract,predictive,"Fixed price за тендером, обсяг у ТЗ як додаток до договору, зміна лише додатковою угодою з двотижневим погодженням юристів, за прострочення пеня"
C-1,team,predictive,"Троє із семи працюють у підрядника з іншого міста у власному графіку, тестувальник один і ділиться між двома проєктами"
C-2,requirements,adaptive,"Раз на два тижні п'ять інтерв'ю і переписаний беклог, минулого місяця викинули дві функції і додали одну, річного плану функцій немає і не буде"
C-2,technology,neutral,"Стек звичний, платіжний провайдер має нормальну документацію і робочу пісочницю: невідомих, які вимагали б експериментів, немає, але й плану цей факт не диктує"
C-2,release_cost,predictive,"Помилка в комісії чи заставі списує з людей не ту суму, повернення робиться вручну, скарги йдуть у підтримку і магазин, банк-еквайр може переглянути умови"
C-2,customer,adaptive,"Співзасновник сидить у тій самій кімнаті, дивиться демо щоп'ятниці, відповідає в чаті за півгодини і ухвалює рішення про обсяг на місці"
C-2,contract,adaptive,"Договору на розробку немає, зафіксовані лише гроші на дев'ять місяців і дата, коли вони закінчаться, обсяг робіт не зафіксований ніде"
C-2,team,adaptive,"П'ятеро в одній кімнаті: троє розробників, дизайнер, продакт, будь-хто може взяти будь-яку задачу, вузьких спеціалізацій немає"
C-3,requirements,adaptive,"Три юристи знають реальний маршрут погодження і кожен по-своєму, на кожному демо виринають винятки, скільки їх лишилось, ніхто не знає"
C-3,technology,adaptive,"Стек звичний, але схема старої бази не документована, а у приблизно восьмої частини договорів не заповнене поле контрагента"
C-3,release_cost,predictive,"Помилка в щомісячному нарахуванні виявляється вже після платежів контрагентам, тоді як решта помилок у системі на сорок користувачів ловиться того ж дня"
C-3,customer,adaptive,"Керівниця юридичного відділу доступна раз на тиждень, приводить людей на демо і дає розгорнутий зворотний зв'язок, хоча фінансовий директор на демо не ходить"
C-3,contract,predictive,"Fixed price, ТЗ написане до першого демо, бюджет на рік не переглядається за рішенням наглядової ради, зміна обсягу протоколом з підписом фінансового директора"
C-3,team,adaptive,"Четверо в одному офісі, працюють разом два роки і спокійно беруть суміжні задачі, хоча PM лише на половину ставки, а аналітик одночасно тестувальник"